Sensor_Name,cycle,slope,slopeR2,substrate,fish_order,FishID,pop,sex,cam_length,cam_mass,heart_mass,cam_date,temp,MR_pmol_s,habitat_temp
CaMO1,1,1.865850714,0.984078862,Glucose,1,G1G2G6,NOC,M,67,9.3,0.009,6/25/19,12,26.31644339,28
CaMO2,2,1.073524312,0.716170857,FA,1,G1G2G6,NOC,M,67,9.3,0.009,6/25/19,12,33.96387695,28
CaMO3,3,0.982108328,0.943833289,LKA,1,G1G2G6,NOC,M,67,9.3,0.009,6/25/19,12,19.3604049,28
CaMO3,3,0.982108328,0.943833289,INH,1,G1G2G6,NOC,M,67,9.3,0.009,6/25/19,12,NA,28
CaMO1,3,3.567722238,0.993686889,Glucose,3,G1O2R4,SOC,M,78,14.5,0.023,6/7/19,12,52.64704229,28
CaMO2,4,1.326721639,0.966066763,FA,3,G1O2R4,SOC,M,78,14.5,0.023,6/7/19,12,19.5711885,28
CaMO4,6,1.743382606,0.988665528,INH,3,G1O2R4,SOC,M,78,14.5,0.023,6/7/19,12,31.59565901,28
CaMO3,5,1.890689636,0.987213397,LKA,3,G1O2R4,SOC,M,78,14.5,0.023,6/7/19,12,39.06056545,28
CaMO1,6,3.727345374,0.994204148,Glucose,6,G1O3R6,SOC,M,74,13.1,0.009,6/28/19,28,56.51355788,28
CaMO2,7,2.714160044,0.997949729,FA,6,G1O3R6,SOC,M,74,13.1,0.009,6/28/19,28,40.76990252,28
CaMO4,9,1.862943298,0.9903245,INH,6,G1O3R6,SOC,M,74,13.1,0.009,6/28/19,28,24.38293768,28
CaMO3,8,2.002644624,0.994031096,LKA,6,G1O3R6,SOC,M,74,13.1,0.009,6/28/19,28,30.88321791,28
CaMO1,15,3.694093661,0.998399202,Glucose,15,G1O5P6,OCE,M,84,16.3,0.017,6/26/19,28,56.95904086,32
CaMO2,16,2.459811059,0.997519544,FA,15,G1O5P6,OCE,M,84,16.3,0.017,6/26/19,28,37.12319878,32
CaMO4,18,1.758437344,0.993949962,INH,15,G1O5P6,OCE,M,84,16.3,0.017,6/26/19,28,19.79227346,32
CaMO3,17,2.099124721,0.997127927,LKA,15,G1O5P6,OCE,M,84,16.3,0.017,6/26/19,28,37.44512833,32
CaMO1,1,5.270608759,0.996533172,Glucose,1,G1P3P5,SOC,F,80,19.9,0.026,6/24/19,12,80.61011742,28
CaMO2,2,3.387219935,0.994590315,FA,1,G1P3P5,SOC,F,80,19.9,0.026,6/24/19,12,43.9238756,28
CaMO4,4,1.928435121,0.978273231,INH,1,G1P3P5,SOC,F,80,19.9,0.026,6/24/19,12,43.5447507,28
CaMO3,3,1.853026952,0.986155685,LKA,1,G1P3P5,SOC,F,80,19.9,0.026,6/24/19,12,38.75840208,28
CaMO1,9,2.809364881,0.997005795,Glucose,9,G1R2P5,NOC,M,71,8,0.007,6/28/19,28,41.97886674,28
CaMO2,10,2.292438623,0.994961997,FA,9,G1R2P5,NOC,M,71,8,0.007,6/28/19,28,34.09264669,28
CaMO4,12,1.239760207,0.97551239,INH,9,G1R2P5,NOC,M,71,8,0.007,6/28/19,28,12.4385951,28
CaMO3,11,1.463991297,0.991435815,LKA,9,G1R2P5,NOC,M,71,8,0.007,6/28/19,28,19.66127361,28
CaMO1,7,2.946018338,0.994953436,Glucose,7,G1R2R6,SOC,M,75,9.2,0.011,6/28/19,28,44.14254648,28
CaMO2,8,2.391121978,0.994439535,FA,7,G1R2R6,SOC,M,75,9.2,0.011,6/28/19,28,35.65513314,28
CaMO4,10,1.65767179,0.987214703,INH,7,G1R2R6,SOC,M,75,9.2,0.011,6/28/19,28,20.4485671,28
CaMO3,9,1.605800209,0.990832047,LKA,7,G1R2R6,SOC,M,75,9.2,0.011,6/28/19,28,22.61562594,28
CaMO1,8,3.180075585,0.998118218,Glucose,8,G1R3G5,SOC,M,77,11.1,0.01,6/26/19,28,48.82042132,28
CaMO2,9,2.202194286,0.993543124,FA,8,G1R3G5,SOC,M,77,11.1,0.01,6/26/19,28,33.04426655,28
CaMO4,11,1.523846905,0.990268989,INH,8,G1R3G5,SOC,M,77,11.1,0.01,6/26/19,28,15.29595671,28
CaMO3,10,1.859328147,0.992706877,LKA,8,G1R3G5,SOC,M,77,11.1,0.01,6/26/19,28,32.44936637,28
CaMO1,1,7.351093422,0.970245573,Glucose,1,G1R4O6,SOC,M,75,13.4,NA,6/7/19,12,112.5504194,28
CaMO2,2,1.787645373,0.985465274,FA,1,G1R4O6,SOC,M,75,13.4,NA,6/7/19,12,26.86914761,28
CaMO4,4,1.677425134,0.986435679,INH,1,G1R4O6,SOC,M,75,13.4,NA,6/7/19,12,30.33147412,28
CaMO3,3,1.89695895,0.984685036,LKA,1,G1R4O6,SOC,M,75,13.4,NA,6/7/19,12,39.19117617,28
CaMO1,3,3.051350412,0.994359704,Glucose,3,G1R4P6,OCE,M,76,12,0.011,6/26/19,28,46.78227274,32
CaMO2,4,2.128810108,0.992083843,FA,3,G1R4P6,OCE,M,76,12,0.011,6/26/19,28,31.8823504,32
CaMO4,6,1.73397779,0.983072247,INH,3,G1R4P6,OCE,M,76,12,0.011,6/26/19,28,19.32346534,32
CaMO3,5,1.941472313,0.988524499,LKA,3,G1R4P6,OCE,M,76,12,0.011,6/26/19,28,34.16070316,32
CaMO1,11,0.49470853,0.017390633,Glucose,11,G2G3O4,OCE,F,91,17.5,0.025,6/25/19,12,4.606692144,32
CaMO2,12,2.783304251,0.98341745,FA,11,G2G3O4,OCE,F,91,17.5,0.025,6/25/19,12,61.03539264,32
CaMO4,14,1.463319255,0.910494418,INH,11,G2G3O4,OCE,F,91,17.5,0.025,6/25/19,12,26.9123655,32
CaMO3,13,1.538626697,0.9467985,LKA,11,G2G3O4,OCE,F,91,17.5,0.025,6/25/19,12,30.95453758,32
CaMO1,18,2.839169287,0.989695666,Glucose,18,G2G3O5,SOC,M,70,10.3,0.009,6/24/19,12,42.11232579,28
CaMO2,19,2.066671837,0.980783304,FA,18,G2G3O5,SOC,M,70,10.3,0.009,6/24/19,12,23.01519739,28
CaMO4,21,1.541408576,0.964207121,INH,18,G2G3O5,SOC,M,70,10.3,0.009,6/24/19,12,36.12674193,28
CaMO3,20,1.322066161,0.96964285,LKA,18,G2G3O5,SOC,M,70,10.3,0.009,6/24/19,12,27.69671893,28
CaMO1,10,2.132502362,0.994901614,Glucose,10,G2G3R5,NOC,F,76,12,0.007,6/26/19,28,32.23384529,28
CaMO2,11,1.446677329,0.895285022,FA,10,G2G3R5,NOC,F,76,12,0.007,6/26/19,28,21.08191473,28
CaMO4,13,1.134546458,0.985597301,INH,10,G2G3R5,NOC,F,76,12,0.007,6/26/19,28,7.834364822,28
CaMO3,12,1.388163379,0.991810593,LKA,10,G2G3R5,NOC,F,76,12,0.007,6/26/19,28,22.6334337,28
CaMO1,5,3.660118116,0.995323232,Glucose,5,G2G4R5,SOC,M,83,19.7,0.021,6/24/19,12,55.11068225,28
CaMO2,6,4.722017005,0.910330048,FA,5,G2G4R5,SOC,M,83,19.7,0.021,6/24/19,12,65.05816255,28
CaMO4,8,2.230923825,0.986103274,INH,5,G2G4R5,SOC,M,83,19.7,0.021,6/24/19,12,49.34245087,28
CaMO3,7,1.912288415,0.981535953,LKA,5,G2G4R5,SOC,M,83,19.7,0.021,6/24/19,12,39.99301589,28
CaMO1,9,2.330554199,0.979321579,Glucose,9,G2O3O4,NOC,M,66,7.5,0.012,6/25/19,12,33.67424857,28
CaMO2,10,2.467628849,0.984943902,FA,9,G2O3O4,NOC,M,66,7.5,0.012,6/25/19,12,56.03719877,28
CaMO4,12,1.337115866,0.923676671,INH,9,G2O3O4,NOC,M,66,7.5,0.012,6/25/19,12,24.4934672,28
CaMO3,11,1.178810225,0.904235999,LKA,9,G2O3O4,NOC,M,66,7.5,0.012,6/25/19,12,23.45836108,28
CaMO1,15,2.198432796,0.959855329,Glucose,15,G2O3P5,NOC,M,80,12.5,0.014,6/25/19,12,31.58232636,28
CaMO2,16,2.567828103,0.973417842,FA,15,G2O3P5,NOC,M,80,12.5,0.014,6/25/19,12,57.62368696,28
CaMO4,18,1.368550153,0.893766196,INH,15,G2O3P5,NOC,M,80,12.5,0.014,6/25/19,12,25.0959577,28
CaMO3,17,1.489634427,0.89107948,LKA,15,G2O3P5,NOC,M,80,12.5,0.014,6/25/19,12,29.93386529,28
CaMO1,11,2.965238353,0.997393444,Glucose,11,G2O3R5,SOC,F,76,11.3,0.01,6/28/19,28,44.44686338,28
CaMO2,12,1.839907901,0.995816213,FA,11,G2O3R5,SOC,F,76,11.3,0.01,6/28/19,28,26.92757691,28
CaMO4,14,1.34287302,0.982549179,INH,11,G2O3R5,SOC,F,76,11.3,0.01,6/28/19,28,14.41492402,28
CaMO3,13,1.498498472,0.988957704,LKA,11,G2O3R5,SOC,F,76,11.3,0.01,6/28/19,28,20.38017308,28
CaMO1,5,2.317782717,0.973216389,Glucose,5,G2P3O6,SOC,F,74,10.3,0.01,6/25/19,12,33.47203344,28
CaMO2,6,-0.202580756,0.398470445,FA,5,G2P3O6,SOC,F,74,10.3,0.01,6/25/19,12,13.75888003,28
CaMO4,8,1.13957561,0.925823082,INH,5,G2P3O6,SOC,F,74,10.3,0.01,6/25/19,12,20.70727897,28
CaMO3,7,1.158701209,0.925345492,LKA,5,G2P3O6,SOC,F,74,10.3,0.01,6/25/19,12,23.03942323,28
CaMO1,2,3.487187552,0.994096218,Glucose,2,G2P3P4P6,OCE,M,83,19.9,0.019,6/25/19,12,51.98760999,32
CaMO2,3,5.465433226,0.87527743,FA,2,G2P3P4P6,OCE,M,83,19.9,0.019,6/25/19,12,103.5024348,32
CaMO4,5,0.768366769,0.316446387,INH,2,G2P3P4P6,OCE,M,83,19.9,0.019,6/25/19,12,13.59244284,32
CaMO3,4,1.496977095,0.950238651,LKA,2,G2P3P4P6,OCE,M,83,19.9,0.019,6/25/19,12,30.08683754,32
CaMO1,8,2.982537989,0.996293158,Glucose,8,G2P3R6,OCE,M,80,14.4,0.015,6/27/19,28,45.17569267,32
CaMO4,11,1.82259461,0.991549621,INH,8,G2P3R6,OCE,M,80,14.4,0.015,6/27/19,28,22.75195844,32
CaMO3,10,0.746293511,0.955498296,LKA,8,G2P3R6,OCE,M,80,14.4,0.015,6/27/19,28,10.85929733,32
CaMO3,10,0.746293511,0.955498296,FA,8,G2P3R6,OCE,M,80,14.4,0.015,6/27/19,28,NA,32
CaMO1,7,3.983346485,0.998253458,Glucose,7,G2P4G5,SOC,F,85,15.1,0.014,6/26/19,28,61.53887724,28
CaMO2,8,2.803656998,0.996959673,FA,7,G2P4G5,SOC,F,85,15.1,0.014,6/26/19,28,42.56742616,28
CaMO4,10,2.042964712,0.993733803,INH,7,G2P4G5,SOC,F,85,15.1,0.014,6/26/19,28,25.24571469,28
CaMO3,9,2.244836713,0.996092608,LKA,7,G2P4G5,SOC,F,85,15.1,0.014,6/26/19,28,40.48079483,28
CaMO1,2,2.440289221,0.987297177,Glucose,2,G2P4R6,OCE,F,74,9.7,0.011,6/24/19,12,35.79672475,32
CaMO2,3,1.307893304,0.969576519,FA,2,G2P4R6,OCE,F,74,9.7,0.011,6/24/19,12,11.00120395,32
CaMO4,5,1.067022126,0.93904964,INH,2,G2P4R6,OCE,F,74,9.7,0.011,6/24/19,12,27.03433497,32
CaMO3,4,1.029939983,0.937560874,LKA,2,G2P4R6,OCE,F,74,9.7,0.011,6/24/19,12,21.6107569,32
CaMO1,19,2.392167824,0.994908388,Glucose,19,G2R4P5,NOC,F,67,8.8,0.012,6/7/19,12,34.03409741,28
CaMO2,20,0.902874132,0.956939729,FA,19,G2R4P5,NOC,F,67,8.8,0.012,6/7/19,12,12.86026963,28
CaMO4,22,0.555773531,0.885808832,INH,19,G2R4P5,NOC,F,67,8.8,0.012,6/7/19,12,8.833151731,28
CaMO3,21,1.110661131,0.926430992,LKA,19,G2R4P5,NOC,F,67,8.8,0.012,6/7/19,12,22.8099716,28
CaMO1,4,3.398886161,0.167423423,Glucose,4,G2R4P6,OCE,M,85,17.5,0.031,6/7/19,12,49.97380441,32
CaMO2,5,1.847388163,0.985162979,FA,4,G2R4P6,OCE,M,85,17.5,0.031,6/7/19,12,27.81507513,32
CaMO4,7,1.943695122,0.986331608,INH,4,G2R4P6,OCE,M,85,17.5,0.031,6/7/19,12,35.43498222,32
CaMO3,6,2.110420672,0.984664147,LKA,4,G2R4P6,OCE,M,85,17.5,0.031,6/7/19,12,43.63829538,32
CaMO1,13,1.35555831,0.924287705,Glucose,13,G3G4R5,NOC,M,58,4.6,0.007,6/25/19,12,18.23681366,28
CaMO2,14,1.233034732,0.911799201,FA,13,G3G4R5,NOC,M,58,4.6,0.007,6/25/19,12,36.48945859,28
CaMO4,16,0.883406499,0.829857106,INH,13,G3G4R5,NOC,M,58,4.6,0.007,6/25/19,12,15.797371,28
CaMO3,15,0.875181139,0.825194668,LKA,13,G3G4R5,NOC,M,58,4.6,0.007,6/25/19,12,17.13275513,28
CaMO1,3,1.753208285,0.973554841,Glucose,3,G3O4G6,SOC,F,64,7.6,0.011,6/25/19,12,24.53293826,28
CaMO2,4,1.455559317,0.934547662,FA,3,G3O4G6,SOC,F,64,7.6,0.011,6/25/19,12,40.01276452,28
CaMO4,6,0.935171637,0.903757502,INH,3,G3O4G6,SOC,F,64,7.6,0.011,6/25/19,12,16.78953616,28
CaMO3,5,0.724338427,0.809331091,LKA,3,G3O4G6,SOC,F,64,7.6,0.011,6/25/19,12,13.99019863,28
CaMO1,17,3.966106818,0.996258528,Glucose,17,G3P4O5,OCE,M,93,18.4,0.025,6/24/19,12,59.95550335,32
CaMO2,18,4.221951246,0.872894328,FA,17,G3P4O5,OCE,M,93,18.4,0.025,6/24/19,12,57.14045469,32
CaMO4,20,1.565498276,0.97486223,INH,17,G3P4O5,OCE,M,93,18.4,0.025,6/24/19,12,36.58846118,32
CaMO3,19,1.539657877,0.978005256,LKA,17,G3P4O5,OCE,M,93,18.4,0.025,6/24/19,12,32.22987967,32
CaMO1,16,2.696381217,0.996186404,Glucose,16,G4G5R6,NOC,M,81,13.2,0.011,6/26/19,28,41.16192716,28
CaMO2,17,2.275306417,0.996887041,FA,16,G4G5R6,NOC,M,81,13.2,0.011,6/26/19,28,34.20187529,28
CaMO4,19,1.224364308,0.981464463,INH,16,G4G5R6,NOC,M,81,13.2,0.011,6/26/19,28,9.555873606,28
CaMO3,18,1.576456794,0.991102918,LKA,16,G4G5R6,NOC,M,81,13.2,0.011,6/26/19,28,26.55621318,28
CaMO1,6,2.439938273,0.988573697,Glucose,6,G4R5R6,NOC,F,77,13.2,0.011,6/24/19,12,35.79116807,28
CaMO4,9,0.724897472,0.897141135,INH,6,G4R5R6,NOC,F,77,13.2,0.011,6/24/19,12,20.47694576,28
CaMO3,8,1.371995988,0.962625082,LKA,6,G4R5R6,NOC,F,77,13.2,0.011,6/24/19,12,28.73692366,28
,8,1.371995988,0.962625082,FA,6,G4R5R6,NOC,F,77,13.2,0.011,6/24/19,12,NA,28
CaMO1,14,2.459239575,0.993801145,Glucose,14,O1G2G5,NOC,M,66,7.9,0.01,6/7/19,12,35.09606679,28
CaMO2,15,0.946390761,0.931735984,FA,14,O1G2G5,NOC,M,66,7.9,0.01,6/7/19,12,13.54928292,28
CaMO4,17,0.841417616,0.90093937,INH,14,O1G2G5,NOC,M,66,7.9,0.01,6/7/19,12,14.30799669,28
CaMO3,16,0.991070853,0.933209358,LKA,14,O1G2G5,NOC,M,66,7.9,0.01,6/7/19,12,20.31850748,28
CaMO1,6,5.867734371,0.996451764,Glucose,6,O1G2O6,OCE,M,68,9.5,0.057,6/7/19,12,89.06390106,32
CaMO2,7,3.190695372,0.995521739,FA,6,O1G2O6,OCE,M,68,9.5,0.057,6/7/19,12,49.08410592,32
CaMO4,9,1.491633787,0.36318001,INH,6,O1G2O6,OCE,M,68,9.5,0.057,6/7/19,12,26.77047331,32
CaMO3,8,3.033945941,0.99629754,LKA,6,O1G2O6,OCE,M,68,9.5,0.057,6/7/19,12,62.87840514,32
CaMO1,14,3.284197833,0.985129231,Glucose,14,O1G2P3,SOC,M,70,10.5,0.012,6/25/19,12,48.7736061,28
CaMO2,15,1.965112799,0.966651898,FA,14,O1G2P3,SOC,M,70,10.5,0.012,6/25/19,12,48.08069465,28
CaMO4,17,1.404909246,0.881175882,INH,14,O1G2P3,SOC,M,70,10.5,0.012,6/25/19,12,25.79284032,28
CaMO3,16,1.453708516,0.91020467,LKA,14,O1G2P3,SOC,M,70,10.5,0.012,6/25/19,12,29.18540881,28
CaMO1,16,3.56795202,0.984362577,Glucose,16,O1G2R5,OCE,F,81,14.9,0.016,6/25/19,12,53.26638074,32
CaMO2,17,2.572616782,0.957453842,FA,16,O1G2R5,OCE,F,81,14.9,0.016,6/25/19,12,57.69950772,32
CaMO4,19,1.796217224,0.933351259,INH,16,O1G2R5,OCE,F,81,14.9,0.016,6/25/19,12,33.29290991,32
CaMO3,18,1.585721589,0.933554082,LKA,16,O1G2R5,OCE,F,81,14.9,0.016,6/25/19,12,31.93568117,32
CaMO1,17,2.2409761,0.946491713,Glucose,17,O1G3G4,OCE,M,81,14.6,0.013,6/25/19,12,32.25592867,32
CaMO2,18,2.145911642,0.969528333,FA,17,O1G3G4,OCE,M,81,14.6,0.013,6/25/19,12,50.943343,32
CaMO4,20,1.079355932,0.577303508,INH,17,O1G3G4,OCE,M,81,14.6,0.013,6/25/19,12,19.55306848,32
CaMO3,19,1.362907181,0.900527253,LKA,17,O1G3G4,OCE,M,81,14.6,0.013,6/25/19,12,27.29371432,32
CaMO1,2,2.974333426,0.991028125,Glucose,2,O1G3P6,OCE,M,75,12.6,0.013,6/28/19,28,44.5908687,32
CaMO2,3,3.049789096,0.985077853,FA,2,O1G3P6,OCE,M,75,12.6,0.013,6/28/19,28,46.08402918,32
CaMO4,5,2.142485033,0.982753142,INH,2,O1G3P6,OCE,M,75,12.6,0.013,6/28/19,28,29.74082093,32
CaMO3,4,2.316732656,0.988761895,LKA,2,O1G3P6,OCE,M,75,12.6,0.013,6/28/19,28,37.42671858,32
CaMO1,19,3.018642332,0.998213473,Glucose,19,O1O2R5,NOC,F,77,11.1,0.014,6/26/19,28,46.26439482,28
CaMO2,20,2.004386103,0.995796479,FA,19,O1O2R5,NOC,F,77,11.1,0.014,6/26/19,28,29.91230365,28
CaMO4,22,1.155546107,0.986435305,INH,19,O1O2R5,NOC,F,77,11.1,0.014,6/26/19,28,8.236858092,28
CaMO3,21,1.646606625,0.991348584,LKA,19,O1O2R5,NOC,F,77,11.1,0.014,6/26/19,28,28.017668,28
CaMO1,9,4.346507919,0.894786281,Glucose,9,O1O3R4,NOC,F,70,9.1,0.01,6/27/19,28,66.77188322,28
CaMO2,10,1.514482635,0.992607443,FA,9,O1O3R4,NOC,F,70,9.1,0.01,6/27/19,28,22.35796047,28
CaMO4,12,0.981194528,0.973653302,INH,9,O1O3R4,NOC,F,70,9.1,0.01,6/27/19,28,6.625123539,28
CaMO3,11,1.027149764,0.982982886,LKA,9,O1O3R4,NOC,F,70,9.1,0.01,6/27/19,28,16.71046926,28
CaMO1,13,2.373363712,0.989939176,Glucose,13,O1P2O4,NOC,M,69,8,0.01,6/24/19,12,34.73707085,28
CaMO2,14,1.730536611,0.963354491,FA,13,O1P2O4,NOC,M,69,8,0.01,6/24/19,12,17.69305632,28
CaMO4,16,1.107483333,0.960187693,INH,13,O1P2O4,NOC,M,69,8,0.01,6/24/19,12,27.80984144,28
CaMO3,15,1.101978883,0.949761816,LKA,13,O1P2O4,NOC,M,69,8,0.01,6/24/19,12,23.11156731,28
CaMO1,15,2.15009341,0.984487663,Glucose,15,O1P2R4,NOC,F,63,6.8,NA,6/7/19,12,30.20125251,28
CaMO2,16,0.694945818,0.89657294,FA,15,O1P2R4,NOC,F,63,6.8,NA,6/7/19,12,9.568071329,28
CaMO4,18,0.156851903,0.356904027,INH,15,O1P2R4,NOC,F,63,6.8,NA,6/7/19,12,1.187153865,28
CaMO3,17,0.984919144,0.906631403,LKA,15,O1P2R4,NOC,F,63,6.8,NA,6/7/19,12,20.19034688,28
CaMO1,12,2.805892748,0.963464777,Glucose,12,O1P5R6,NOC,F,86,16.5,0.02,6/24/19,12,41.58544725,28
CaMO2,13,2.01212559,0.984992224,FA,12,O1P5R6,NOC,F,86,16.5,0.02,6/24/19,12,22.15154849,28
CaMO4,15,1.325696582,0.96762154,INH,12,O1P5R6,NOC,F,86,16.5,0.02,6/24/19,12,31.99226205,28
CaMO3,14,1.468961352,0.962602263,LKA,12,O1P5R6,NOC,F,86,16.5,0.02,6/24/19,12,30.75703541,28
CaMO1,15,2.281902195,0.978005773,Glucose,15,O1R2G5,OCE,M,71,9.5,0.011,6/27/19,28,34.08229259,32
CaMO2,16,1.77313028,0.734073822,FA,15,O1R2G5,OCE,M,71,9.5,0.011,6/27/19,28,26.45321486,32
CaMO4,18,1.144374886,0.983320622,INH,15,O1R2G5,OCE,M,71,9.5,0.011,6/27/19,28,9.752747071,32
CaMO3,17,1.36894201,0.986916437,LKA,15,O1R2G5,OCE,M,71,9.5,0.011,6/27/19,28,23.83114105,32
CaMO1,10,2.843764379,0.993762864,Glucose,10,O1R2G6,OCE,F,72,10.8,0.012,6/7/19,12,41.18437619,32
CaMO2,11,1.146604057,0.96114945,FA,10,O1R2G6,OCE,F,72,10.8,0.012,6/7/19,12,16.71932677,32
CaMO4,13,1.048153133,0.966583366,INH,10,O1R2G6,OCE,F,72,10.8,0.012,6/7/19,12,18.27042743,32
CaMO3,12,1.306188323,0.974369062,LKA,10,O1R2G6,OCE,F,72,10.8,0.012,6/7/19,12,26.88345476,32
CaMO1,6,1.566932447,0.017437973,Glucose,6,O1R2O4,NOC,F,82,13.5,0.013,6/27/19,28,22.76193825,28
CaMO2,7,2.142157292,0.995927,FA,6,O1R2O4,NOC,F,82,13.5,0.013,6/27/19,28,32.29614255,28
CaMO4,9,1.790779105,0.991526644,INH,6,O1R2O4,NOC,F,82,13.5,0.013,6/27/19,28,22.14216128,28
CaMO3,8,1.873262476,0.995141748,LKA,6,O1R2O4,NOC,F,82,13.5,0.013,6/27/19,28,34.33781744,28
CaMO1,18,3.363907752,0.997664625,Glucose,18,O1R4G5,NOC,F,71,10.4,0.016,6/7/19,12,49.4199796,28
CaMO2,19,1.455848291,0.984755193,FA,18,O1R4G5,NOC,F,71,10.4,0.016,6/7/19,12,21.61569382,28
CaMO4,21,1.62585009,0.979507648,INH,18,O1R4G5,NOC,F,71,10.4,0.016,6/7/19,12,29.34295244,28
CaMO3,20,1.678386774,0.977864967,LKA,18,O1R4G5,NOC,F,71,10.4,0.016,6/7/19,12,34.63758917,28
CaMO1,16,2.942414927,0.994411045,Glucose,16,O1R4P5,SOC,F,74,12.4,0.018,6/24/19,12,43.74704841,28
CaMO2,17,1.057887461,0.459870884,FA,16,O1R4P5,SOC,F,74,12.4,0.018,6/24/19,12,7.042778097,28
CaMO4,19,1.632764657,0.97713858,INH,16,O1R4P5,SOC,F,74,12.4,0.018,6/24/19,12,37.87773348,28
CaMO3,18,1.498364006,0.972845586,LKA,16,O1R4P5,SOC,F,74,12.4,0.018,6/24/19,12,31.3695907,28
CaMO1,13,2.170365295,0.996971892,Glucose,13,O2G5R6,OCE,M,66,8.5,0.007,6/27/19,28,32.31629168,32
CaMO2,14,1.463368158,0.989160722,FA,13,O2G5R6,OCE,M,66,8.5,0.007,6/27/19,28,21.54864792,32
CaMO3,15,0.858761323,0.973908721,LKA,13,O2G5R6,OCE,M,66,8.5,0.007,6/27/19,28,13.20237674,32
,15,0.858761323,0.973908721,INH,13,O2G5R6,OCE,M,66,8.5,0.007,6/27/19,28,NA,32
CaMO1,13,2.306259369,0.995815585,Glucose,13,O2O3G5,NOC,F,62,7.6,NA,6/7/19,12,32.67388021,28
CaMO2,14,0.791313445,0.936293144,FA,13,O2O3G5,NOC,F,62,7.6,NA,6/7/19,12,11.09389209,28
CaMO3,15,0.859430927,0.901708643,LKA,13,O2O3G5,NOC,F,62,7.6,NA,6/7/19,12,17.57600901,28
,15,0.859430927,0.901708643,INH,13,O2O3G5,NOC,F,62,7.6,NA,6/7/19,12,NA,28
CaMO1,7,2.199851643,0.975068332,Glucose,7,O2O3G6,SOC,M,67,8.7,0.013,6/25/19,12,31.60479143,28
CaMO2,8,1.956003504,0.981997749,FA,7,O2O3G6,SOC,M,67,8.7,0.013,6/25/19,12,47.93646415,28
CaMO4,10,1.228933897,0.914544603,INH,7,O2O3G6,SOC,M,67,8.7,0.013,6/25/19,12,22.41997947,28
CaMO3,9,1.227790848,0.925697088,LKA,7,O2O3G6,SOC,M,67,8.7,0.013,6/25/19,12,24.47879073,28
CaMO1,16,4.346867463,0.991824774,Glucose,16,O2P3O6,OCE,M,76,14.2,0.021,6/7/19,12,64.98350836,32
CaMO4,19,1.369252014,0.985474563,INH,16,O2P3O6,OCE,M,76,14.2,0.021,6/7/19,12,24.42482266,32
CaMO3,18,2.117144762,0.984726953,LKA,16,O2P3O6,OCE,M,76,14.2,0.021,6/7/19,12,43.77838059,32
,18,2.117144762,0.984726953,FA,16,O2P3O6,OCE,M,76,14.2,0.021,6/7/19,12,NA,32
CaMO1,8,4.509606244,0.996535322,Glucose,8,O2P4P5,NOC,F,86,21.9,0.026,6/25/19,12,68.17590594,28
CaMO2,9,3.901069763,0.991733396,FA,8,O2P4P5,NOC,F,86,21.9,0.026,6/25/19,12,78.73334658,28
CaMO4,11,1.864562378,0.947946326,INH,8,O2P4P5,NOC,F,86,21.9,0.026,6/25/19,12,34.6028587,28
CaMO3,10,1.812541452,0.959118319,LKA,8,O2P4P5,NOC,F,86,21.9,0.026,6/25/19,12,36.66109497,28
CaMO1,19,1.421271983,0.972339388,Glucose,19,O2R4G5,NOC,M,67,6.2,0.008,6/24/19,12,19.66228514,28
CaMO4,22,0.847633165,0.925552275,INH,19,O2R4G5,NOC,M,67,6.2,0.008,6/24/19,12,22.82937988,28
CaMO3,21,0.816268432,0.914186252,LKA,19,O2R4G5,NOC,M,67,6.2,0.008,6/24/19,12,17.15926625,28
,21,0.816268432,0.914186252,FA,19,O2R4G5,NOC,M,67,6.2,0.008,6/24/19,12,NA,28
CaMO1,4,2.652281699,0.992297783,Glucose,4,O2R5R6,OCE,M,67,9.1,0.009,6/28/19,28,39.49171636,32
CaMO2,5,2.867035969,0.992652956,FA,4,O2R5R6,OCE,M,67,9.1,0.009,6/28/19,28,43.19043799,32
CaMO4,7,1.70598833,0.972921766,INH,4,O2R5R6,OCE,M,67,9.1,0.009,6/28/19,28,21.37463412,32
CaMO3,6,1.454297861,0.977540237,LKA,4,O2R5R6,OCE,M,67,9.1,0.009,6/28/19,28,19.45932701,32
CaMO1,10,1.539454668,0.950806632,Glucose,10,O3G4O6,NOC,F,68,9.8,0.008,6/25/19,12,21.148506,28
CaMO2,11,1.498494582,0.938732152,FA,10,O3G4O6,NOC,F,68,9.8,0.008,6/25/19,12,40.69257288,28
CaMO4,13,1.059768888,0.897403225,INH,10,O3G4O6,NOC,F,68,9.8,0.008,6/25/19,12,19.17765013,28
CaMO3,12,1.054429564,0.876923942,LKA,10,O3G4O6,NOC,F,68,9.8,0.008,6/25/19,12,20.8670973,28
CaMO1,12,5.376990201,0.994341526,Glucose,12,O3G5R6,SOC,F,82,13.4,0.012,6/27/19,28,83.08785268,28
CaMO2,13,2.107428501,0.996762861,FA,12,O3G5R6,SOC,F,82,13.4,0.012,6/27/19,28,31.74627003,28
CaMO4,15,1.261283134,0.984118994,INH,12,O3G5R6,SOC,F,82,13.4,0.012,6/27/19,28,11.9934885,28
CaMO3,14,1.295469297,0.987626681,LKA,12,O3G5R6,SOC,F,82,13.4,0.012,6/27/19,28,22.30045954,28
CaMO1,14,3.257909691,0.991579774,Glucose,14,O3O4G6,OCE,M,83,17.2,0.023,6/24/19,12,48.74238219,32
CaMO2,15,2.690712976,0.9915919,FA,14,O3O4G6,OCE,M,83,17.2,0.023,6/24/19,12,32.89584875,32
CaMO4,17,2.100527394,0.987443979,INH,14,O3O4G6,OCE,M,83,17.2,0.023,6/24/19,12,46.84318594,32
CaMO3,16,1.871244635,0.984351525,LKA,14,O3O4G6,OCE,M,83,17.2,0.023,6/24/19,12,39.13793714,32
CaMO1,19,3.187115444,0.98545257,Glucose,19,O3O4R6,OCE,F,83,15.5,0.023,6/25/19,12,47.23646828,32
CaMO2,20,3.290811892,0.971710036,FA,19,O3O4R6,OCE,F,83,15.5,0.023,6/25/19,12,69.07093029,32
CaMO4,22,1.962956834,0.950959736,INH,19,O3O4R6,OCE,F,83,15.5,0.023,6/25/19,12,36.48875244,32
CaMO3,21,1.933644346,0.924505503,LKA,19,O3O4R6,OCE,F,83,15.5,0.023,6/25/19,12,39.18407193,32
CaMO1,13,3.44191137,0.998403811,Glucose,13,O4G5G6,OCE,F,84,14,0.011,6/26/19,28,52.96615458,32
CaMO2,14,1.835142629,0.995998619,FA,13,O4G5G6,OCE,F,84,14,0.011,6/26/19,28,27.23261531,32
CaMO4,16,1.246934148,0.979724589,INH,13,O4G5G6,OCE,F,84,14,0.011,6/26/19,28,9.988462216,32
CaMO3,15,1.431253716,0.991117417,LKA,13,O4G5G6,OCE,F,84,14,0.011,6/26/19,28,23.53114905,32
CaMO1,1,4.068321767,0.99840138,Glucose,1,O4O5R6,OCE,F,86,15.5,0.02,6/28/19,28,61.91235077,32
CaMO2,2,3.120714643,0.989159544,FA,1,O4O5R6,OCE,F,86,15.5,0.02,6/28/19,28,47.207017,32
CaMO4,4,2.215266941,0.973606728,INH,1,O4O5R6,OCE,F,86,15.5,0.02,6/28/19,28,31.1358075,32
CaMO3,3,2.434824708,0.987346171,LKA,1,O4O5R6,OCE,F,86,15.5,0.02,6/28/19,28,39.88696967,32
CaMO1,18,3.44021506,0.998909556,Glucose,18,P1G2R3,SOC,M,77,11.2,0.014,6/26/19,28,52.93929634,28
CaMO2,19,2.332646408,0.996749273,FA,18,P1G2R3,SOC,M,77,11.2,0.014,6/26/19,28,35.10975847,28
CaMO4,21,1.494160985,0.992199285,INH,18,P1G2R3,SOC,M,77,11.2,0.014,6/26/19,28,14.72697659,28
CaMO3,20,1.694387016,0.994400246,LKA,18,P1G2R3,SOC,M,77,11.2,0.014,6/26/19,28,29.01309281,28
CaMO1,12,3.221343758,0.998352741,Glucose,12,P1G4G5,NOC,F,81,16,0.014,6/28/19,28,48.50186563,28
CaMO2,13,2.60493137,0.99736432,FA,12,P1G4G5,NOC,F,81,16,0.014,6/28/19,28,39.04044851,28
CaMO4,15,1.407181883,0.989455934,INH,12,P1G4G5,NOC,F,81,16,0.014,6/28/19,28,15.64751056,28
CaMO3,14,1.882416782,0.995109301,LKA,12,P1G4G5,NOC,F,81,16,0.014,6/28/19,28,28.37847122,28
CaMO1,11,3.150369487,0.998452434,Glucose,11,P1G4O5,SOC,M,79,12.7,0.013,6/26/19,28,48.35007476,28
CaMO2,12,2.11084579,0.994584801,FA,11,P1G4O5,SOC,M,79,12.7,0.013,6/26/19,28,31.59791537,28
CaMO4,14,1.322888748,0.986628633,INH,11,P1G4O5,SOC,M,79,12.7,0.013,6/26/19,28,11.44425871,28
CaMO3,13,1.709875511,0.993430797,LKA,11,P1G4O5,SOC,M,79,12.7,0.013,6/26/19,28,29.33576979,28
CaMO1,13,2.989267574,0.998234688,Glucose,13,P1G5O6,SOC,F,75,12.2,0.012,6/28/19,28,44.82732605,28
CaMO2,14,2.38722534,0.975899665,FA,13,P1G5O6,SOC,F,75,12.2,0.012,6/28/19,28,35.59343637,28
CaMO4,16,1.741833959,0.990229616,INH,13,P1G5O6,SOC,F,75,12.2,0.012,6/28/19,28,22.06167535,28
CaMO3,15,1.74863732,0.99117723,LKA,13,P1G5O6,SOC,F,75,12.2,0.012,6/28/19,28,25.59139909,28
CaMO1,12,3.928500139,0.989815763,Glucose,12,P1G5P6,SOC,F,81,16.5,0.024,6/25/19,12,58.97505928,28
CaMO2,13,2.992294613,0.988493197,FA,12,P1G5P6,SOC,F,81,16.5,0.024,6/25/19,12,64.3444067,28
CaMO4,15,3.104581451,0.973005641,INH,12,P1G5P6,SOC,F,81,16.5,0.024,6/25/19,12,58.36989093,28
CaMO3,14,1.743255349,0.951122257,LKA,12,P1G5P6,SOC,F,81,16.5,0.024,6/25/19,12,35.21763449,28
CaMO1,9,5.804964108,0.937888882,Glucose,9,P1O3R4,NOC,M,87,15.9,0.019,6/26/19,28,90.38115627,28
CaMO2,10,2.721633231,0.997223619,FA,9,P1O3R4,NOC,M,87,15.9,0.019,6/26/19,28,41.26871652,28
CaMO4,12,2.020926924,0.993367256,INH,9,P1O3R4,NOC,M,87,15.9,0.019,6/26/19,28,24.82332375,28
CaMO3,11,2.547303446,0.9961405,LKA,9,P1O3R4,NOC,M,87,15.9,0.019,6/26/19,28,46.7821851,28
CaMO1,7,4.127705925,0.997815425,Glucose,7,P1R3R5,OCE,F,78,12.1,0.014,6/27/19,28,63.30751832,32
CaMO4,10,1.920948577,0.994719054,INH,7,P1R3R5,OCE,F,78,12.1,0.014,6/27/19,28,24.63707615,32
CaMO3,9,2.043755488,0.994947433,LKA,7,P1R3R5,OCE,F,78,12.1,0.014,6/27/19,28,37.88975518,32
,9,2.043755488,0.994947433,FA,7,P1R3R5,OCE,F,78,12.1,0.014,6/27/19,28,NA,32
CaMO1,11,2.698470103,0.992509837,Glucose,11,P1R4P5,SOC,F,81,13.5,0.018,6/24/19,12,39.8845887,28
CaMO2,12,1.325987774,0.563266883,FA,11,P1R4P5,SOC,F,81,13.5,0.018,6/24/19,12,11.28769973,28
CaMO4,14,1.571726949,0.967401597,INH,11,P1R4P5,SOC,F,81,13.5,0.018,6/24/19,12,36.70784407,28
CaMO3,13,1.453644346,0.975500702,LKA,11,P1R4P5,SOC,F,81,13.5,0.018,6/24/19,12,30.43793111,28
CaMO1,10,3.154101071,0.99826131,Glucose,10,P2G3P6,NOC,M,72,9.2,0.012,6/28/19,28,47.43718975,28
CaMO2,11,1.836452888,0.995058132,FA,10,P2G3P6,NOC,M,72,9.2,0.012,6/28/19,28,26.87287254,28
CaMO4,13,1.136087246,0.978950381,INH,10,P2G3P6,NOC,M,72,9.2,0.012,6/28/19,28,10.45153002,28
CaMO3,12,1.089337226,0.982994617,LKA,10,P2G3P6,NOC,M,72,9.2,0.012,6/28/19,28,11.85598045,28
CaMO1,10,2.139896667,0.989886719,Glucose,10,P2G3R5,SOC,F,69,9.4,0.013,6/24/19,12,31.04050931,28
CaMO2,11,1.855303639,0.980224825,FA,10,P2G3R5,SOC,F,69,9.4,0.013,6/24/19,12,19.66853426,28
CaMO4,13,1.192254515,0.966778653,INH,10,P2G3R5,SOC,F,69,9.4,0.013,6/24/19,12,29.43462243,28
CaMO3,12,1.198659072,0.945150437,LKA,10,P2G3R5,SOC,F,69,9.4,0.013,6/24/19,12,25.12573791,28
CaMO1,16,2.710847508,0.994912463,Glucose,16,P2G4P5,NOC,M,70,9.9,0.01,6/28/19,28,40.41900833,28
CaMO2,17,1.669526288,0.997232875,FA,16,P2G4P5,NOC,M,70,9.9,0.01,6/28/19,28,24.22986804,28
CaMO4,19,1.034656293,0.972838853,INH,16,P2G4P5,NOC,M,70,9.9,0.01,6/28/19,28,8.507436753,28
CaMO3,18,1.394288963,0.989595312,LKA,16,P2G4P5,NOC,M,70,9.9,0.01,6/28/19,28,18.20914163,28
CaMO1,20,3.160306196,0.967410403,Glucose,20,P2G5G6,SOC,M,81,12.2,0.016,6/25/19,12,46.81198852,28
CaMO2,21,2.450826896,0.952060414,FA,20,P2G5G6,SOC,M,81,12.2,0.016,6/25/19,12,55.77116786,28
CaMO4,23,1.552755104,0.958252053,INH,20,P2G5G6,SOC,M,81,12.2,0.016,6/25/19,12,28.6265526,28
CaMO3,22,1.400914292,0.916502944,LKA,20,P2G5G6,SOC,M,81,12.2,0.016,6/25/19,12,28.08552915,28
CaMO1,14,3.076949153,0.997687848,Glucose,14,P2O4G5,SOC,F,71,10.8,0.009,6/28/19,28,46.21561771,28
CaMO2,15,1.72663134,0.991038333,FA,14,P2O4G5,SOC,F,71,10.8,0.009,6/28/19,28,25.13403136,28
CaMO4,17,1.263616732,0.987551556,INH,14,P2O4G5,SOC,F,71,10.8,0.009,6/28/19,28,12.89584516,28
CaMO3,16,1.613992102,0.992865142,LKA,14,P2O4G5,SOC,F,71,10.8,0.009,6/28/19,28,22.78629037,28
CaMO1,4,2.710179494,0.993520724,Glucose,4,P2R4G5,OCE,F,78,11.8,0.013,6/27/19,28,40.86334983,32
CaMO2,5,2.166103114,0.996410368,FA,4,P2R4G5,OCE,F,78,11.8,0.013,6/27/19,28,32.67528473,32
CaMO4,7,2.025629017,0.994433054,INH,4,P2R4G5,OCE,F,78,11.8,0.013,6/27/19,28,26.64345124,32
CaMO3,6,1.856668675,0.992168026,LKA,4,P2R4G5,OCE,F,78,11.8,0.013,6/27/19,28,33.99211324,32
CaMO1,18,3.593080856,0.985756313,Glucose,18,P3O4R6,NOC,F,72,11.6,0.017,6/25/19,12,53.66425397,28
CaMO2,19,2.977630651,0.977615881,FA,18,P3O4R6,NOC,F,72,11.6,0.017,6/25/19,12,64.11222731,28
CaMO4,21,1.775856071,0.909717812,INH,18,P3O4R6,NOC,F,72,11.6,0.017,6/25/19,12,32.90265447,28
CaMO3,20,1.700056682,0.908098891,LKA,18,P3O4R6,NOC,F,72,11.6,0.017,6/25/19,12,34.31766227,28
CaMO1,7,2.670879264,0.995073354,Glucose,7,P3O5O6,OCE,M,66,9.6,0.012,6/7/19,12,38.44702853,32
CaMO2,8,1.480461177,0.973289453,FA,7,P3O5O6,OCE,M,66,9.6,0.012,6/7/19,12,22.00539783,32
CaMO3,9,1.112880245,0.958154199,LKA,7,P3O5O6,OCE,M,66,9.6,0.012,6/7/19,12,22.85620313,32
CaMO4,9,1.112880245,0.958154199,INH,7,P3O5O6,OCE,M,66,9.6,0.012,6/7/19,12,NA,32
CaMO1,8,3.361591804,0.996986029,Glucose,8,P3O5R6,OCE,M,66,8.4,0.015,6/7/19,12,49.38331042,32
CaMO2,9,1.73333426,0.992848956,FA,8,P3O5R6,OCE,M,66,8.4,0.015,6/7/19,12,26.00922165,32
CaMO4,11,1.05577327,0.965118269,INH,8,P3O5R6,OCE,M,66,8.4,0.015,6/7/19,12,18.41648007,32
CaMO3,10,1.446693526,0.975497628,LKA,8,P3O5R6,OCE,M,66,8.4,0.015,6/7/19,12,29.8106465,32
CaMO1,8,2.810531259,0.994008203,Glucose,8,P3R4G6,SOC,F,71,9.3,0.011,6/28/19,28,41.99733439,28
CaMO2,9,2.008580031,0.995389079,FA,8,P3R4G6,SOC,F,71,9.3,0.011,6/28/19,28,29.59821897,28
CaMO4,11,1.506267192,0.984874869,INH,8,P3R4G6,SOC,F,71,9.3,0.011,6/28/19,28,17.54664565,28
CaMO3,10,1.677332834,0.99391857,LKA,8,P3R4G6,SOC,F,71,9.3,0.011,6/28/19,28,24.10588896,28
CaMO1,2,3.851933708,0.996618873,Glucose,2,P3R4R5,OCE,M,76,13.2,0.016,6/26/19,28,59.45817493,32
CaMO2,3,3.257135079,0.998014728,FA,2,P3R4R5,OCE,M,76,13.2,0.016,6/26/19,28,49.74749578,32
CaMO4,5,2.010873409,0.991246837,INH,2,P3R4R5,OCE,M,76,13.2,0.016,6/26/19,28,24.63063138,32
CaMO3,4,2.158515449,0.990441184,LKA,2,P3R4R5,OCE,M,76,13.2,0.016,6/26/19,28,38.68243517,32
CaMO1,4,2.957734378,0.990787669,Glucose,4,R1G2P4,NOC,F,70,9.7,0.012,6/26/19,28,45.30001888,28
CaMO2,5,1.147290598,0.813599068,FA,4,R1G2P4,NOC,F,70,9.7,0.012,6/26/19,28,16.34162483,28
CaMO4,7,1.737179216,0.990146598,INH,4,R1G2P4,NOC,F,70,9.7,0.012,6/26/19,28,19.38482602,28
CaMO3,6,1.876159489,0.98859088,LKA,4,R1G2P4,NOC,F,70,9.7,0.012,6/26/19,28,32.80001933,28
CaMO1,9,3.655932203,0.997753086,Glucose,9,R1G2R5,OCE,M,75,9.1,0.017,6/7/19,12,54.04370008,32
CaMO2,10,0.859374826,0.951514158,FA,9,R1G2R5,OCE,M,75,9.1,0.017,6/7/19,12,12.17153062,32
CaMO4,12,3.205997847,0.915361392,INH,9,R1G2R5,OCE,M,75,9.1,0.017,6/7/19,12,59.62911778,32
CaMO3,11,1.485847735,0.982852876,LKA,9,R1G2R5,OCE,M,75,9.1,0.017,6/7/19,12,30.62635919,32
CaMO1,7,2.674250257,0.989982478,Glucose,7,R1G3O5,NOC,F,75,11.6,0.019,6/24/19,12,39.50110782,28
CaMO4,10,1.076679908,0.95419733,INH,7,R1G3O5,NOC,F,75,11.6,0.019,6/24/19,12,27.21944246,28
CaMO3,9,1.387869964,0.970781426,LKA,7,R1G3O5,NOC,F,75,11.6,0.019,6/24/19,12,29.06763149,28
CaMO4,9,1.387869964,0.970781426,FA,7,R1G3O5,NOC,F,75,11.6,0.019,6/24/19,12,NA,28
CaMO1,6,3.294807715,0.995183534,Glucose,6,R1G3R5,SOC,M,79,12.2,0.013,6/26/19,28,50.63701338,28
CaMO2,7,2.497039178,0.992086042,FA,6,R1G3R5,SOC,M,79,12.2,0.013,6/26/19,28,37.712644,28
CaMO4,9,1.97161826,0.992869339,INH,6,R1G3R5,SOC,M,79,12.2,0.013,6/26/19,28,23.87824103,28
CaMO3,8,2.248895484,0.990218025,LKA,6,R1G3R5,SOC,M,79,12.2,0.013,6/26/19,28,40.56535257,28
CaMO1,10,2.23146549,0.997019197,Glucose,10,R1O2O5,NOC,F,69,8.7,0.008,6/27/19,28,33.28371142,28
CaMO2,11,1.554368436,0.993884538,FA,10,R1O2O5,NOC,F,69,8.7,0.008,6/27/19,28,22.98948566,28
CaMO4,13,0.914612456,0.973575706,INH,10,R1O2O5,NOC,F,69,8.7,0.008,6/27/19,28,5.348967167,28
CaMO3,12,0.782636058,0.965896555,LKA,10,R1O2O5,NOC,F,69,8.7,0.008,6/27/19,28,11.61643373,28
CaMO1,2,2.770101121,0.994720278,Glucose,2,R1O2P4,SOC,M,87,16.8,0.018,6/27/19,28,41.81210892,28
CaMO2,3,2.642127513,0.996290737,FA,2,R1O2P4,SOC,M,87,16.8,0.018,6/27/19,28,40.21233772,28
CaMO4,5,2.281315452,0.984713162,INH,2,R1O2P4,SOC,M,87,16.8,0.018,6/27/19,28,31.54410793,28
CaMO3,4,2.105722145,0.99547443,LKA,2,R1O2P4,SOC,M,87,16.8,0.018,6/27/19,28,39.1807272,28
CaMO1,12,2.915635207,0.995869429,Glucose,12,R1O2P5,SOC,M,61,6.1,0.019,6/7/19,12,42.32233098,28
CaMO2,13,1.453555363,0.987363974,FA,12,R1O2P5,SOC,M,61,6.1,0.019,6/7/19,12,21.57938912,28
CaMO4,15,0.8498809,0.900418097,INH,12,R1O2P5,SOC,M,61,6.1,0.019,6/7/19,12,14.47020963,28
CaMO3,14,1.132658741,0.964638881,LKA,12,R1O2P5,SOC,M,61,6.1,0.019,6/7/19,12,23.26825515,28
CaMO1,5,5.497892477,0.996937961,Glucose,5,R1O2P6,SOC,F,84,19.1,0.021,6/28/19,28,84.54722034,28
CaMO2,6,3.458886357,0.994026918,FA,5,R1O2P6,SOC,F,84,19.1,0.021,6/28/19,28,52.56140248,28
CaMO4,8,2.882797999,0.992495805,INH,5,R1O2P6,SOC,F,84,19.1,0.021,6/28/19,28,43.93015278,28
CaMO3,7,3.115797722,0.998099308,LKA,5,R1O2P6,SOC,F,84,19.1,0.021,6/28/19,28,54.07390745,28
CaMO1,14,2.740324634,0.976714174,Glucose,14,R1O2R5,OCE,M,79,13.6,0.012,6/26/19,28,41.85769793,32
CaMO2,15,1.752557895,0.87885262,FA,14,R1O2R5,OCE,M,79,13.6,0.012,6/26/19,28,25.92502369,32
CaMO4,17,1.271157953,0.982165155,INH,14,R1O2R5,OCE,M,79,13.6,0.012,6/26/19,28,10.4527518,32
CaMO3,16,1.452868019,0.992352592,LKA,14,R1O2R5,OCE,M,79,13.6,0.012,6/26/19,28,23.98144704,32
CaMO1,17,5.517154526,0.018035074,Glucose,17,R1P2O5,NOC,M,80,13.9,0.017,6/26/19,28,85.82417121,28
CaMO2,18,3.530929147,0.998817096,FA,17,R1P2O5,NOC,M,80,13.9,0.017,6/26/19,28,54.08256851,28
CaMO4,20,2.126485995,0.993770532,INH,17,R1P2O5,NOC,M,80,13.9,0.017,6/26/19,28,26.84653927,28
CaMO3,19,2.4038115,0.996622112,LKA,17,R1P2O5,NOC,M,80,13.9,0.017,6/26/19,28,43.79276956,28
CaMO1,20,2.440862313,0.993525817,Glucose,20,R1P2R3,OCE,M,71,9.2,0.01,6/24/19,12,35.8057987,32
CaMO4,23,1.006731747,0.930433067,INH,20,R1P2R3,OCE,M,71,9.2,0.01,6/24/19,12,25.87876936,32
CaMO3,22,1.127683253,0.949830208,LKA,20,R1P2R3,OCE,M,71,9.2,0.01,6/24/19,12,23.64707501,32
CaMO2,22,1.127683253,0.949830208,FA,20,R1P2R3,OCE,M,71,9.2,0.01,6/24/19,12,NA,32
CaMO1,5,4.454478109,0.998458722,Glucose,5,R1P2R5,OCE,M,75,11.3,0.017,6/26/19,28,68.99846128,32
CaMO2,6,2.734016671,0.997093101,FA,5,R1P2R5,OCE,M,75,11.3,0.017,6/26/19,28,41.46478765,32
CaMO4,8,2.274002989,0.993938539,INH,5,R1P2R5,OCE,M,75,11.3,0.017,6/26/19,28,29.67394833,32
CaMO3,7,2.375384829,0.993995649,LKA,5,R1P2R5,OCE,M,75,11.3,0.017,6/26/19,28,43.20054725,32
CaMO1,20,3.772090025,0.997689154,Glucose,20,R1P3O4,SOC,F,78,12.3,0.015,6/7/19,12,55.88286559,28
CaMO2,21,1.094419098,0.932591049,FA,20,R1P3O4,SOC,F,78,12.3,0.015,6/7/19,12,15.89306492,28
CaMO4,23,0.296009141,0.578499335,INH,20,R1P3O4,SOC,F,78,12.3,0.015,6/7/19,12,3.854334246,28
CaMO3,22,1.191658981,0.96258327,LKA,20,R1P3O4,SOC,F,78,12.3,0.015,6/7/19,12,24.49742681,28
CaMO1,2,2.903819454,0.96197424,Glucose,2,R1P4R5,SOC,M,82,6.5,0.034,6/7/19,12,42.13524821,28
CaMO4,5,1.409649903,0.977948368,INH,2,R1P4R5,SOC,M,82,6.5,0.034,6/7/19,12,25.19911552,28
CaMO3,4,1.990406765,0.983354576,LKA,2,R1P4R5,SOC,M,82,6.5,0.034,6/7/19,12,41.13800563,28
CaMO2,4,1.990406765,0.983354576,FA,2,R1P4R5,SOC,M,82,6.5,0.034,6/7/19,12,NA,28
CaMO1,15,3.817614337,0.996676792,Glucose,15,R1R2R4,NOC,F,72,10.4,0.019,6/24/19,12,57.60437242,28
CaMO2,16,3.027830994,0.992159021,FA,15,R1R2R4,NOC,F,72,10.4,0.019,6/24/19,12,38.23355071,28
CaMO4,18,2.025161636,0.978816385,INH,15,R1R2R4,NOC,F,72,10.4,0.019,6/24/19,12,45.39867558,28
CaMO3,17,1.683191233,0.987223713,LKA,15,R1R2R4,NOC,F,72,10.4,0.019,6/24/19,12,35.22015794,28
CaMO1,1,2.794334465,0.996848008,Glucose,1,R1R2R6,OCE,F,70,9.4,0.01,6/26/19,28,42.71285358,32
CaMO2,2,0.817639662,0.759382428,FA,1,R1R2R6,OCE,F,70,9.4,0.01,6/26/19,28,11.12215167,32
CaMO4,4,1.652811803,0.9809767,INH,1,R1R2R6,OCE,F,70,9.4,0.01,6/26/19,28,17.76778393,32
CaMO3,3,1.844398841,0.985575935,LKA,1,R1R2R6,OCE,F,70,9.4,0.01,6/26/19,28,32.13833918,32
CaMO1,1,2.661426507,0.993720531,Glucose,1,R1R3G6,OCE,M,76,10.7,0.011,6/27/19,28,40.09142754,32
CaMO2,2,2.288279861,0.994887413,FA,1,R1R3G6,OCE,M,76,10.7,0.011,6/27/19,28,34.60974988,32
CaMO4,4,1.60613337,0.966963594,INH,1,R1R3G6,OCE,M,76,10.7,0.011,6/27/19,28,18.60311802,32
CaMO3,3,1.468082342,0.983998642,LKA,1,R1R3G6,OCE,M,76,10.7,0.011,6/27/19,28,25.89656465,32
CaMO1,4,3.095176578,0.985529794,Glucose,4,R1R4G5,OCE,M,76,12.2,0.018,6/25/19,12,45.78076957,32
CaMO4,7,1.63822975,0.959937399,INH,4,R1R4G5,OCE,M,76,12.2,0.018,6/25/19,12,30.26481664,32
CaMO3,6,1.07024622,0.926109516,LKA,4,R1R4G5,OCE,M,76,12.2,0.018,6/25/19,12,21.19661098,32
CaMO2,6,1.07024622,0.926109516,FA,4,R1R4G5,OCE,M,76,12.2,0.018,6/25/19,12,NA,32
CaMO1,6,2.968544973,0.986343759,Glucose,6,R1R4R6,SOC,M,80,16.1,0.02,6/25/19,12,43.77576916,28
CaMO2,7,2.33674787,0.985911593,FA,6,R1R4R6,SOC,M,80,16.1,0.02,6/25/19,12,53.9649166,28
CaMO4,9,1.718590012,0.964661478,INH,6,R1R4R6,SOC,M,80,16.1,0.02,6/25/19,12,31.80505501,28
CaMO3,8,1.522418475,0.960694392,LKA,6,R1R4R6,SOC,M,80,16.1,0.02,6/25/19,12,30.61686628,28
CaMO1,5,4.311719366,0.998133473,Glucose,5,R2O3G4,SOC,F,82,17.5,0.022,6/7/19,12,64.42699683,28
CaMO2,6,0.767969992,0.932563358,FA,5,R2O3G4,SOC,F,82,17.5,0.022,6/7/19,12,10.72428741,28
CaMO4,8,1.580698043,0.984917833,INH,5,R2O3G4,SOC,F,82,17.5,0.022,6/7/19,12,28.47753822,28
CaMO3,7,1.92426608,0.985947211,LKA,5,R2O3G4,SOC,F,82,17.5,0.022,6/7/19,12,39.76007471,28
CaMO1,11,2.255896638,0.996068378,Glucose,11,R2O3O5,SOC,M,70,8.8,0.006,6/27/19,28,33.67053794,28
CaMO2,12,1.408509339,0.991131226,FA,11,R2O3O5,SOC,M,70,8.8,0.006,6/27/19,28,20.68004996,28
CaMO4,14,0.781941095,0.942932481,INH,11,R2O3O5,SOC,M,70,8.8,0.006,6/27/19,28,2.806099406,28
CaMO3,13,0.948218936,0.985861711,LKA,11,R2O3O5,SOC,M,70,8.8,0.006,6/27/19,28,15.06607702,28
CaMO1,17,2.131707664,0.995944419,Glucose,17,R2P3G4,NOC,M,57,4.6,0.004,6/28/19,28,31.24929415,28
CaMO2,18,0.915183808,0.983606861,FA,17,R2P3G4,NOC,M,57,4.6,0.004,6/28/19,28,12.28611211,28
CaMO3,18,0.915183808,0.983606861,LKA,17,R2P3G4,NOC,M,57,4.6,0.004,6/28/19,28,NA,28
CaMO4,18,0.915183808,0.983606861,INH,17,R2P3G4,NOC,M,57,4.6,0.004,6/28/19,28,NA,28
CaMO1,14,3.271740483,0.997836608,Glucose,14,R2P5P6,OCE,F,78,11.2,0.014,6/27/19,28,49.75473216,32
CaMO2,15,2.043770492,0.997202338,FA,14,R2P5P6,OCE,F,78,11.2,0.014,6/27/19,28,30.73835154,32
CaMO4,17,1.35196977,0.985371803,INH,14,R2P5P6,OCE,F,78,11.2,0.014,6/27/19,28,13.73164901,32
CaMO3,16,1.787459488,0.995446029,LKA,14,R2P5P6,OCE,F,78,11.2,0.014,6/27/19,28,32.55025519,32
CaMO1,9,2.976889136,0.990811091,Glucose,9,R2R5G6,SOC,M,78,16.3,0.021,6/24/19,12,44.29289006,28
CaMO2,10,2.410765265,0.908919529,FA,9,R2R5G6,SOC,M,78,16.3,0.021,6/24/19,12,28.46334333,28
CaMO4,12,1.855188108,0.977131085,INH,9,R2R5G6,SOC,M,78,16.3,0.021,6/24/19,12,42.14084962,28
CaMO3,11,1.65913662,0.980817114,LKA,9,R2R5G6,SOC,M,78,16.3,0.021,6/24/19,12,34.71902015,28
CaMO1,4,4.396458461,0.997825247,Glucose,4,R3G4O6,SOC,M,74,11.8,0.02,6/24/19,12,66.76940437,28
CaMO4,7,1.610831148,0.96136114,INH,4,R3G4O6,SOC,M,74,11.8,0.02,6/24/19,12,37.45734123,28
CaMO3,6,1.659211962,0.986178543,LKA,4,R3G4O6,SOC,M,74,11.8,0.02,6/24/19,12,34.72058979,28
CaMO2,6,1.659211962,0.986178543,FA,4,R3G4O6,SOC,M,74,11.8,0.02,6/24/19,12,NA,28
CaMO1,12,2.70942873,0.997972295,Glucose,12,R3G5O6,OCE,M,75,10.8,0.011,6/26/19,28,41.36851279,32
CaMO2,13,1.849661447,0.987233346,FA,12,R3G5O6,OCE,M,75,10.8,0.011,6/26/19,28,27.4624966,32
CaMO4,15,1.289203746,0.989770453,INH,12,R3G5O6,OCE,M,75,10.8,0.011,6/26/19,28,10.7986295,32
CaMO3,14,1.525133131,0.992740138,LKA,12,R3G5O6,OCE,M,75,10.8,0.011,6/26/19,28,25.48697021,32
CaMO1,15,2.458391681,0.997928974,Glucose,15,R3O4O6,NOC,F,71,8.7,0.007,6/28/19,28,36.42179108,28
CaMO2,16,1.451791089,0.994353977,FA,15,R3O4O6,NOC,F,71,8.7,0.007,6/28/19,28,20.78239407,28
CaMO4,18,0.81512822,0.973489422,INH,15,R3O4O6,NOC,F,71,8.7,0.007,6/28/19,28,4.299815341,28
CaMO3,17,1.079499239,0.982410384,LKA,15,R3O4O6,NOC,F,71,8.7,0.007,6/28/19,28,11.65102239,28
CaMO1,11,2.720091136,0.996870244,Glucose,11,R3O5G6,OCE,M,64,8.5,0.009,6/7/19,12,39.22621652,32
CaMO2,12,1.343378891,0.97284645,FA,11,R3O5G6,OCE,M,64,8.5,0.009,6/7/19,12,19.83492832,32
CaMO4,14,0.490332699,0.718252426,INH,11,R3O5G6,OCE,M,64,8.5,0.009,6/7/19,12,7.578869111,32
CaMO3,13,1.232469402,0.968607997,LKA,11,R3O5G6,OCE,M,64,8.5,0.009,6/7/19,12,25.34764391,32
CaMO1,3,2.084919144,0.985532559,Glucose,3,R3O5O6,NOC,F,73,10.7,0.012,6/24/19,12,30.17003186,28
CaMO2,4,1.813066963,0.974344685,FA,3,R3O5O6,NOC,F,73,10.7,0.012,6/24/19,12,18.99978689,28
CaMO4,6,1.288695297,0.970549736,INH,3,R3O5O6,NOC,F,73,10.7,0.012,6/24/19,12,31.28307074,28
CaMO3,5,0.981312987,0.931087109,LKA,3,R3O5O6,NOC,F,73,10.7,0.012,6/24/19,12,20.59769446,28
CaMO1,3,3.160975256,0.99618721,Glucose,3,R3P5G6,OCE,M,80,13.6,NA,6/27/19,28,48.00094939,32
CaMO2,4,2.820192831,0.992051722,FA,3,R3P5G6,OCE,M,80,13.6,NA,6/27/19,28,43.03170525,32
CaMO4,6,2.152908771,0.984223859,INH,3,R3P5G6,OCE,M,80,13.6,NA,6/27/19,28,29.08297987,32
CaMO3,5,2.217023351,0.994546,LKA,3,R3P5G6,OCE,M,80,13.6,NA,6/27/19,28,41.49950232,32
CaMO1,3,2.469399081,0.993030658,Glucose,3,R3R4G6,SOC,F,62,8.9,0.009,6/28/19,28,36.5960749,28
CaMO2,4,2.462309394,0.99087685,FA,3,R3R4G6,SOC,F,62,8.9,0.009,6/28/19,28,36.78226722,28
CaMO4,6,1.608483468,0.957730424,INH,3,R3R4G6,SOC,F,62,8.9,0.009,6/28/19,28,19.50579093,28
CaMO3,5,2.105750626,0.990983355,LKA,3,R3R4G6,SOC,F,62,8.9,0.009,6/28/19,28,33.03125963,28
CaMO1,5,3.304070922,0.996637533,Glucose,5,R3R5R6,SOC,M,78,12.7,0.01,6/27/19,28,50.26663076,28
CaMO2,6,2.832791864,0.995889865,FA,5,R3R5R6,SOC,M,78,12.7,0.01,6/27/19,28,43.23118995,28
CaMO4,8,1.866784376,0.993197554,INH,5,R3R5R6,SOC,M,78,12.7,0.01,6/27/19,28,23.59892897,28
CaMO3,7,1.783467005,0.990226999,LKA,5,R3R5R6,SOC,M,78,12.7,0.01,6/27/19,28,32.46707846,28